996098691,Meggy,Poland
428521,Courtenay,Kumaar
7889904,Wyn,Ickeringill
3057543,Winnah,Penright
2487525,Kristyn,Andree
8930525,Stephan,Westcott
71530,Cloris,Crips
3195209,Camala,Corwin
6936921,Steven,Collingdon
3043080,Tiertza,Lukins
5883649,Olivero,Russen
6889689,Antonietta,Scarth
8342373,Royce,Edwinson
8506011,Cesare,Hinckesman
3408636,Michal,Batham
8792689,Salvador,Escot
6647010,Glennis,Delatour
5865036,Allin,Armistead
7513969,Amelia,Glitherow
4266504,Hillery,Kerrey
9538888,Lorain,Dunbobin
227952,Graehme,Huntingdon
2254822,Dru,Leader
1494676,Mathew,LLelweln
7836821,Rania,McClenan
2175861,Geralda,Corness
7899601,Dulcea,Pentercost
9194564,Lorenza,Ryan
7120447,Corny,Jordanson
4278459,Janeta,Fitzroy
6101831,Lydie,Dundridge
2469004,Amory,Lequeux
6394449,Charity,Gaythorpe
9346072,Meagan,Cleeve
7081170,Marigold,Delve
5894730,Zara,Frosch
3399029,Karel,Corsor
5085258,Lianne,Dalrymple
3380486,Mary,Lacroux
8217900,Barnett,Henstone
6346491,Marni,Arbuckle
1015178,Urbain,Potell
2250219,Elbertine,McGuigan
6624974,Genni,Bennoe
8054237,Quintilla,Rosenfrucht
4528373,Mahmud,Wiggans
9018007,Zuzana,Hanretty
4039435,Abigail,Boxill
8529860,Nolana,Fairham
9608234,Zarah,McElane
6238538,Brenn,Mannock
4651553,Orsa,Bumpass
9400526,Alys,Hurling
5861700,Franky,Dods
3219172,Traci,Farish
6647452,Umeko,Tamas
8452228,Lelia,Bosch
8979992,Reade,Lindberg
5951592,Grannie,Kassel
4298986,Abbe,Insole
6274441,Aurora,Mallen
836616,Jerrine,Mangin
5671550,Arabelle,Hickeringill
3785949,Greg,Ingleston
5016051,Curry,Standley
5431449,Artie,Pentelo
8650500,Carroll,Scorthorne
8610370,Buffy,Raecroft
5380631,Wendy,Faivre
3843571,Egon,Cochern
1221118,Nicol,Glasard
3113739,Diane,Godthaab
9873135,Ramsay,Brookwood
8907044,Chip,Castaneda
6478852,Billye,Stalman
3546693,Harrison,Emeny
9377274,Pavla,Powland
4355699,Ban,Grievson
3964505,Garnet,Heeks
8758000,Lurette,Bourgour
8941962,Gwendolen,Larive
7590305,Guenevere,Fenner
4848840,Dominique,Burton
1327231,Libby,Wyndham
460551,Suzann,McNee
7228054,Ebony,Mennear
5652074,Cleavland,Sutty
1103825,Rakel,Creser
5702094,Rolando,Vaugham
3965717,Ellswerth,Alanbrooke
8433011,Drugi,Ivanets
8624020,Porter,Paddefield
5811342,Bonita,Handover
8573854,Alfonso,Fursey
5597728,Buddy,Schukert
9146499,Humfrey,Jaffa
3795858,Stewart,Fairbard
1816504,Arleta,Carwithim
2195681,Kaitlin,Ackermann
7719311,Rachel,Cowl
136259,Angil,Delamaine
2191806,Gerry,Riall
1823708,Dare,Smillie
8882122,Cly,Luquet
2678752,Terence,Gallant
4975743,Kermit,Proven
8200705,Niccolo,Burgher
1909543,Jenny,Steers
6929306,Florian,Kondrat
8478525,Emmalyn,Gittus
7183386,Devora,Catteroll
8398781,Bibi,Southwell
6992154,Trista,Fulop
9498561,Orazio,Croy
6210657,Denver,Matas
4724052,Knox,Osgerby
3843266,Zandra,Goulden
1777432,Lib,Gawn
5090000,Olvan,Staner
5151279,Amby,Vallack
2606570,Herman,Dradey
6269231,Dyana,Tunnick
2139934,Dulcia,Mulgrew
8048162,Elwood,Lawn
8059666,Austin,Tombling
7731658,Karin,Kalisz
6389665,Goran,Winspar
9500809,Evangelia,Goodsal
6178055,Virgil,Ingre
4915733,Essa,Ferrierio
7229467,Godfree,Rodolf
2849698,Cart,Burkill
4810738,Eugenie,De Launde
7481903,Sue,Doag
8031168,Dorey,Peevor
478754,Nicholle,Trees
6078990,Anatola,Tenny
703468,Dory,Tinklin
9555378,Romy,Dalgarnowch
6044979,Marlon,Lockton
3176683,Stanly,Soltan
77247,Vonni,Tidswell
261634,Ardeen,Downes
762611,Carmine,Fludder
9561867,Carole,Pruvost
2124723,Laurette,Minchinton
7708805,Hillard,Losel
8718733,Carlyn,Ingleson
1492579,Jamie,Pudden
1796821,Ferd,Werny
4375873,Eward,Vasovic
7271859,Leanna,Pennoni
8607076,Peder,Ortell
7765388,Evered,Andrag
5626726,Christen,Samber
6449408,Cobby,Oherlihy
9468176,Nicole,Pauleit
3916444,Carmelita,Kubin
3205672,Chev,Diggell
2276475,Edgardo,Sainter
7392906,Howey,Dillway
1731943,Yale,Smowton
609689,Lani,Delicate
8296827,Darby,Remmers
5352284,Darell,Carlesi
2657879,Adrianna,Waldrum
5431571,Wenona,Bloy
7731891,Carlo,Bowhay
9656521,Romonda,Pottiphar
5896062,Lisabeth,Buttriss
6057539,Gaby,Brandassi
6332673,Minna,Sonner
8378835,Hersch,Lennie
8917375,Norbert,McGoogan
2588846,Mavra,Wyness
5478910,Francklin,Ruthen
8067584,Sheree,Runciman
8674597,Denys,Vallerine
8695651,Guntar,Maddin
1426669,Loraine,Spivie
8264205,Pennie,Doley
1903517,Bell,Lattin
6167315,Peadar,Erbain
1027208,Hartley,Tofful
6626469,Erin,Trood
8349700,Juanita,Widger
1360775,Caroljean,Jansema
5207514,Damara,Baylay
7063823,Fredi,Boatwright
9390779,Marena,Oventon
6366393,Masha,Cator
9628594,Gerry,Reeday
6259284,Zacharia,Feragh
5887161,Sunny,Haggeth
9485123,Grissel,Lomath
9401214,Matty,McGeagh
8501864,Boothe,Labram
2879206,Zebedee,Dunmore
9185967,Aleksandr,Sweed
9104405,Kesley,Keneleyside
736517,Polly,Bramsen
8434146,Ralina,Warre
3401991,Cassi,Foxton
1844384,Hildagarde,Ferrar
1606689,Bekki,Blyth
1098703,Francis,Sigmund
2003129,Gleda,Blight
6186618,Wilhelmina,Goodship
5721955,Sioux,Pepperd
2610398,Cybill,Ubank
9653378,Dionisio,Giraths
2578068,Benyamin,Kilsby
7927037,Silvan,Knappe
8390067,Chadd,Potell
891908,Sibley,Parncutt
2057285,Nerta,Angrave
5377979,Dietrich,Rodger
632687,Madison,Paddingdon
8940936,Renelle,Gladdish
353457,Franciska,Chadwyck
4914613,Dion,Gotthard
5677552,Kippy,Ottewell
5466707,Hunt,Pester
2306613,Fletcher,Demogeot
3530834,Mitchel,Ronchetti
6898188,Deloria,Stainland
8265890,Ambur,Auchterlony
8047897,Katrina,Ritmeier
6136347,Tabbie,Worpole
6715736,Charley,Cleen
6814598,Chrysler,Colledge
4889262,Abby,Creeboe
6821924,Teressa,Foan
5930055,Zabrina,Yellowlee
3989624,Sharla,Eskriet
6050529,Juliana,Melin
2163542,Roxanna,Benne
3783607,Brandyn,Towll
7808825,Schuyler,Lofty
6030365,Jyoti,Plan
6382435,Roseline,Tree
5882717,Pieter,Wellsman
248456,Corrina,Eyre
7985481,Xaviera,Fabry
1194944,Christoph,Gordon
1365114,Shurlocke,Sissens
7282074,Helge,Rosenschein
2745820,Alessandra,Shawl
8955234,Arman,Zimmermanns
6318460,Lishe,Simoneschi
3429543,Celestina,Attow
8370205,Maurita,Shevlin
3514508,Dall,Emor
4567818,Antonietta,Inglesent
2471818,Mike,Habron
6287027,Maude,Naul
481110,Leandra,Archambault
5711218,Aurea,Lissett
9480869,Antin,Redfield
4872505,Ilse,Speer
2346871,Scottie,Siggins
7316003,Isaak,Drieu
7929472,Mel,Caherny
8440475,Bernice,Dudbridge
3711155,Evelin,Donnel
4040897,Malina,Choules
9502152,Emmye,Vallens
1840258,Audrye,Jermyn
8594760,Chester,Annis
7077868,Jocelin,Ecclestone
6620488,Aurelie,Richemond
4125510,Pincus,Ferne
2664119,Aida,Sharpous
1376864,Tarrance,Ghidotti
7775517,Borden,Simonsson
1772866,Toiboid,Benninck
7419232,Jackie,Landreth
3205834,Geraldine,Alyutin
7148609,Karisa,Lacasa
115375,Judah,Snookes
1063535,Darbee,Paolucci
1887522,Aurora,Ganforthe
5600220,Wrennie,Pioch
8831118,Darin,Hriinchenko
6299162,Carmelia,Bellsham
3065692,Heida,Abbe
579548,Ann,Mainson
7042098,Bogart,Silkstone
7810249,Allyn,Millom
8483928,Ewen,Manach
3227870,Gilligan,De Bischop
9430374,Gabriel,McCluin
6959358,Conant,Harker
5071102,Keen,Eliez
3767857,Madison,Maingot
8192982,Yvonne,Coltart
5931852,Jamie,Blondelle
6744541,Rufe,Rubinsaft
9703422,Roz,Ballay
6759849,Emilia,Gallehawk
1842428,Jyoti,Cafferty
8438881,Neddie,Giffin
5852841,Darbie,Honsch
2725148,Riane,Alesio
7301500,Ted,Sycamore
1454013,Klement,Vaughten
5720340,Feliza,Tailour
5864839,Moises,Pietesch
4984799,Ronalda,Eates
9751832,Vanessa,Duggan
8851729,Lizbeth,Twigger
1669205,Farris,Blazynski
4491000,Ange,Torfin
1062614,Piper,Guidetti
4788609,Veda,Gooms
9045461,Cecelia,Rennox
1914325,Tremayne,Petel
4389550,Alister,Fleg
3530386,Philis,Stollenwerck
5405686,Diarmid,Worlock
1857265,Eugenie,Goady
984869,Marleah,Wiley
462719,Moishe,Godding
4819782,Gerladina,Bazek
8359573,Daryl,Renhard
4930448,Xever,Clingan
953158,Belia,Aymeric
8084099,Robin,Meddows
7163200,Basia,Downton
443473,Hobey,Ranby
4160314,Benedikt,Vigus
6266699,Luke,Exrol
1781110,Bartholomew,Melly
4305969,Rees,Stanyer
4024524,Dukey,Russon
4887704,Jaime,Amott
2389571,Guthrey,Wickes
399562,Dehlia,Figgins
9401061,Zacharia,O'Riordan
2720190,Edwin,Ingolotti
7087490,Janelle,Shinfield
4526388,Giacomo,Hatterslay
2005883,Dolley,MacCaughey
8273742,Scotty,Gedney
6587027,Horacio,Linnitt
3753285,Rossie,Lathwell
2829329,Jenelle,Harrowsmith
1630447,Marilee,Proby
7206944,Siouxie,Giroldi
8067502,Johannes,Caton
4801279,Gerry,Olman
8862465,Neilla,Maggiori
4844280,Rhoda,Leebeter
4135802,Berkly,Eddie
5621035,Jehanna,Kentwell
8083749,Karlik,Cade
4155091,Bernardina,Eisold
1997292,Leigh,Mines
6023533,Henrie,Pittendreigh
7194093,Annette,Gravett
407811,Burnard,Spyby
5976808,Ardra,Lummis
6420624,Novelia,Ludlam
3036498,Toni,Hurlestone
4713828,Lotti,Cotty
6147472,Vanna,Juszczyk
806260,Anthony,D'eath
3377384,Dagny,Abys
4488092,Victoir,Portchmouth
8882697,Orsola,Hexum
6869829,Michele,Skottle
4149840,Hannie,Routledge
2088769,Bendicty,Birth
6279498,Rollins,Gianninotti
7930914,Yelena,Harrild
7359512,Yehudit,Barz
4936281,Alphard,Carnew
395764,Drud,Larrosa
4851023,Ernesta,Feldharker
4946345,Chantal,Cardnell
9581474,Maisie,Rembrandt
59285,Gabi,Kasting
8288227,Nanni,Mitchiner
1132927,Wilona,Wordley
8535483,Dorothy,McLeish
9910100,Basilio,Reggio
9353196,Rebekah,Beer
9942561,Joelynn,Schwanden
5832162,Murry,Merrgen
287738,Janaye,Robberecht
5634493,Ruby,Toppin
8261236,Idelle,Gaylor
3999690,Melina,Kundt
2537315,Yorgos,Gontier
8060146,Audrye,Owbridge
317622,Ira,Knoble
5779019,Ailsun,McArdle
7515511,Katie,Fortune
3756060,Kristyn,Larsen
2987638,Liane,Sprankling
4532215,Annalee,Menloe
6115011,Florie,Breche
1383100,Shirleen,Mitcheson
6403248,Basile,Marcu
4618288,Gustaf,Domesday
6683570,Warren,Jurczik
1557707,Melicent,Cartman
5812051,Netta,Montague
9736246,Lynelle,Menere
1566470,Imelda,Morshead
2105519,Aleta,Clutten
1392965,Dew,Oxlade
8298271,Valeda,Riggulsford
2538137,Rene,Rainton
8323014,Ermengarde,Ruddock
9109679,Tiphany,Battany
3577851,Cristobal,Caney
5628766,Sonja,Navarijo
9455051,Chelsey,Todeo
3804946,Amby,Heinel
7932771,Fredelia,Munn
3913069,Rafe,Buy
8304858,Claudio,Huckster
3118174,Alla,Adame
9135869,Lisle,Kneesha
9273,Adolf,Clemmitt
2158694,Eliot,Huguet
4481118,Nedi,Hancock
8897229,Sarette,Fear
1619102,Cariotta,Smorthit
3765231,Rolando,Prawle
253003,Gilberto,MacConnulty
9693723,Viviyan,Timms
6057427,Liz,Playden
2647874,Leyla,Tevelov
9453594,Stuart,Fydo
8079175,Blondie,Grellis
4870004,Tobias,Beri
668082,Thaxter,Hinzer
7848537,Sauncho,Batalini
2909955,Alfonse,Aird
2307850,Lacie,Ryman
4762189,Rodi,Driffill
7926913,Cornelia,Wrought
2925554,Fallon,Martinello
4863933,Leonanie,Cawood
768734,Arlen,Pree
9337735,Chick,Danilovitch
7106623,Maressa,Becket
4934205,Terrye,Gallegos
7615665,Millie,Treversh
8896189,Marci,Tumbridge
1236877,Gavan,Nellis
7725698,Hewet,Case
32574,Filberto,Moulin
7449857,Reuven,Freyn
8885397,Regan,Mangam
6762940,Myriam,Garrioch
8912315,Kirstyn,Frosdick
5220493,Darline,Blackey
7027215,Belia,Thorbon
6220936,Kimmy,Wardlow
2095149,Tommy,Bowkett
3555376,Wain,Vidgeon
344712,Nissie,Brounfield
1808352,Blondy,Konke
8341717,Cherye,Futty
9802570,Timoteo,Oakenfull
8278489,Hailey,Humbert
1018401,Karisa,Heinschke
1949479,Suzie,Dubique
8477739,Cass,Bayldon
7606547,Scarlett,Fills
7916595,Suzanne,Lowfill
6663387,Teodoor,Madill
815849,Koralle,Dumberell
6343211,Wynn,Pigram
8965884,Leilah,Muggeridge
8054653,Aindrea,O'Mahoney
5408013,Johnathon,Creser
6389886,Sholom,Leeburne
8035355,Justen,Byham
3492641,Daisy,Laste
5162331,Philippe,Hugonnet
7687432,Heida,Paulo
967958,Marci,Feronet
3276840,Deana,Higford
5838490,Barney,Brownsey
4651864,Aurea,Binnion
4285007,Chad,Pobjay
5878788,Cirstoforo,Manning
1485319,Bern,Triggs
6292855,Cassi,Shimwell
5863072,Phedra,Strain
8991707,Hebert,De Fries
446037,Sib,Coldridge
5213394,Suellen,Futcher
1799000,Alena,Gosdin
6902217,Harrison,Sleicht
3975987,Brucie,De Meyer