1,Blues Hall,338,2704,2
2,The Red Suite,613,4904,2
3,Blues Club,1335,10680,4
4,Chocolate Building,501,4008,5
5,The Purple Reserve,770,6160,2
6,Historic Center,872,6976,5
7,Flowers Hall,72,576,4
8,The Jazz Room,1309,10472,3
9,The Pink Center,1171,9368,3
10,Green Park,574,4592,4
11,Pale Moon Estate,902,7216,2
12,Pale Moon,735,5880,3
13,The Blues Center,1093,8744,2
14,Jazz Farm,1298,10384,2
15,The Green Park,455,3640,3
16,The Green Center,1197,9576,4
17,The Gallery Suite,656,5248,4
18,The Pale Moon Farm,529,4232,2
19,Purple Club,541,4328,5
20,The Gallery Club,145,1160,3
21,Rose Center,317,2536,3
22,Pink Center,841,6728,1
23,The Jazz Reserve,652,5216,3
24,Jazz Club,1105,8840,1
25,Pale Moon Suite,412,3296,2
26,The Tasting Club,924,7392,4
27,Historic Park,839,6712,4
28,Chocolate Room,1371,10968,4
29,The Jazz Park,468,3744,3
30,The Green Room,828,6624,5
31,Pink Club,110,880,2
32,Blue Farm,1046,8368,3
33,Tasting Gardens,457,3656,1
34,Flowers Suite,881,7048,2
35,Rose Gardens,292,2336,1
36,Flowers Hall,1032,8256,1
37,The Historic Suite,737,5896,3
38,The Jazz Reserve,133,1064,2
39,The Blue,524,4192,2
40,The Historic Center,1365,10920,1
41,Jazz Farm,492,3936,2
42,Jazz Hall,433,3464,3
43,The Blues Room,354,2832,1
44,The Rose Club,1221,9768,1
45,The Pink Suite,584,4672,5
46,The Moonlight Park,983,7864,4
47,The Gallery Estate,1255,10040,1
48,Tasting Building,803,6424,4
49,The Pink Park,1232,9856,5
50,Flowers Gardens,718,5744,3